{
  "HTTP 요청" : {
    "transaction" : "HTTP 요청",
    "sampleCount" : 5000,
    "errorCount" : 0,
    "errorPct" : 0.0,
    "meanResTime" : 2305.807600000003,
    "medianResTime" : 2300.0,
    "minResTime" : 25.0,
    "maxResTime" : 4372.0,
    "pct1ResTime" : 3796.0,
    "pct2ResTime" : 3995.0,
    "pct3ResTime" : 4298.0,
    "throughput" : 1084.3634786380394,
    "receivedKBytesPerSec" : 633.2513283452614,
    "sentKBytesPerSec" : 144.01702450661463
  },
  "총계" : {
    "transaction" : "총계",
    "sampleCount" : 5000,
    "errorCount" : 0,
    "errorPct" : 0.0,
    "meanResTime" : 2305.807600000003,
    "medianResTime" : 2300.0,
    "minResTime" : 25.0,
    "maxResTime" : 4372.0,
    "pct1ResTime" : 3796.0,
    "pct2ResTime" : 3995.0,
    "pct3ResTime" : 4298.0,
    "throughput" : 1084.3634786380394,
    "receivedKBytesPerSec" : 633.2513283452614,
    "sentKBytesPerSec" : 144.01702450661463
  }
}